ID, Song,Artists, Album
7sTyAjxDXq9afwfSQy6D0s,Bandit,Don Toliver,Bandit
57wp7VFnV8X0pSVnYArGeJ,Whatever She Wants,Bryson Tiller,Whatever She Wants
52eIcoLUM25zbQupAZYoFh,redrum,21 Savage,american dream
1nQaTUDJ7Rc4yOvZmg9Ozr,Mmhmm,BigXthaPlug,Mmhmm
2x2olWuWXpqjoeE4bO1NFS,Never Lose Me,Flo Milli,Fine Ho, Stay
5C8h9PY9oTneqJihbn10NB,soak city (do it),310babii,soak city (do it)
5NAOhPAZ57eFAXr3qatS6i,Breathe,Yeat,2093
1a73gcEg6h6Re6hHXoVltJ,FTCU,Nicki Minaj,Pink Friday 2
582YxhgpJEY0aEHQtVQFhO,02.02.99,That Mexican OT,02.02.99
1xWkeSPhf3bZqHY7Ncz8vp,500lbs,Lil Tecca,500lbs
728E50EwNhQGdlMWxwTCxn,WTW,SleazyWorld Go,WTW
7pDfRnoEDRkcz7bQsOjnPc,Enough (Miami),Cardi B,Enough (Miami)
4rXLjWdF2ZZpXCVTfWcshS,fukumean,Gunna,a Gift & a Curse
4iEoDBAgMJIzest7VsDgmT,Get In With Me,BossMan Dlow,Get In With Me
2MjXWroB9wlTG2kqv3avfS,Get It Sexyy,Sexyy Red,Get It Sexyy
1aTqmtFNinvLcosIriC8lA,Wock N Red,42 Dugg,Wock N Red
3K5yjMCFHN4TRWKj1zdKIQ,Yeern 101,ScHoolboy Q,Yeern 101
4w2Furap0ZzaiK4J14E9sR,Think U The Shit (Fart),Ice Spice,Think U The Shit (Fart)
48k4TP7v4OtZRnblRrIEQT,Cupid's Guidance,Sleepy Hallow,Cupid's Guidance
4xhsWYTOGcal8zt0J161CU,Lovin On Me,Jack Harlow,Lovin On Me
73f5rpLgydSRIvHzRLcJFF,Crazy,Lil Baby,Crazy
2MutiCeyax452vW5ydaizZ,Blue Devils,Trap Dickey,Blue Devils
53QRPT9Z42ALxGL1YGT9x1,Lemme See,Kodak Black,When I Was Dead
5aIVCx5tnk0ntmdiinnYvw,Water,Tyla,Water
1iBWjQ9af9NnUd5xnQDB3k,Charm,Rema,Rave & Roses Ultra
2IGMVunIBsBLtEQyoI1Mu7,Paint The Town Red,Doja Cat,Paint The Town Red
4daEMLSZCgZ2Mt7gNm2SRa,Flooded The Face,Lil Uzi Vert,Pink Tape
4ZT0wGKwlJRjpMUuwZVy3p,Daylight,Drake,For All The Dogs
47ZsXjz2eWMN73dllWQp6d,WE SEE YOU,NLE Choppa,Cottonwood 2 (Deluxe 2.0)
5JYPXqMwYc0zTODQdjMEZN,Deli,Ice Spice,Like..? (Deluxe)
2hkcNrUwTVwKqjfUO1Kx3d,Did Me Wrong,A Boogie Wit da Hoodie,B4 BOA
6WYo4HDHHvMJZU1lNebB3V,Kat Food,Lil Wayne,Kat Food
4FyesJzVpA39hbYvcseO2d,Just Wanna Rock,Lil Uzi Vert,Just Wanna Rock
23L1gQJjtlZMrZPZvluyQe,Presidential Rolex,Key Glock,Presidential Rolex
1IzJxbARcQrOWMZgPw1PNj,Go Hard,Lil Baby,Go Hard
5BmB3OaQyYXCqRyN8iR2Yi,SLUT ME OUT,NLE Choppa,SLUT ME OUT
7sliFe6W30tPBPh6dvZsIH,Area Codes,Kaliii,Area Codes
6UN73IYd0hZxLi8wFPMQij,Players,Coi Leray,Players
1KaRuTOGchQyTnrY3vWzfR,Aston Martin Truck,Roddy Ricch,Aston Martin Truck
3wspfG772mi1c25JpnNOVP,Walk,Kodak Black,Walk/Spin
0HrWshW3SuFJ6nKS9ba9Mh,Vette Motors,YoungBoy Never Broke Again,The Last Slimeto
